breed,weight_pounds,avg_weight_pounds,avg_weight_kg,size_category,affectionate_with_family,good_with_young_children,good_with_other_dogs,shedding_level,coat_grooming_frequency,drooling_level,coat_type,coat_length,openness_to_strangers,playfulness_level,watchdog_protective_nature,adaptability_level,trainability_level,energy_level,barking_level,mental_stimulation_needs,x2013_rank,x2014_rank,x2015_rank,x2016_rank,x2017_rank,x2018_rank,x2019_rank,x2020_rank,links,image
Standard Poodles,40-70,55,24.94756,Medium,5,5,3,1,4,1,Curly,Long,5,5,5,4,5,4,4,5,8,7,8,7,7,7,6,6,https://www.akc.org/dog-breeds/poodle-standard/,https://www.akc.org/wp-content/uploads/2017/11/Standard-Poodle-illustration.jpg
Affenpinschers,7-10,8.5,3.855532,X-Small,3,3,3,3,3,1,Wiry,Short,5,3,3,4,3,3,3,3,143,144,136,149,147,148,152,163,https://www.akc.org/dog-breeds/affenpinscher/,https://www.akc.org/wp-content/uploads/2017/11/Affenpinscher-illustration.jpg
Akitas,70-130,100,45.3592,X-Large,3,3,1,3,3,1,Double,Medium,2,3,5,3,3,4,2,3,45,46,46,46,47,47,47,48,https://www.akc.org/dog-breeds/akita/,https://s3.amazonaws.com/cdn-origin-etr.akc.org/wp-content/uploads/2017/11/06155318/Akita-illustration.jpg
Azawakhs,33-55,44,19.958047999999998,Large,3,3,3,2,2,1,Smooth,Short,1,3,3,3,2,3,1,3,NA,NA,NA,NA,NA,NA,NA,193,https://www.akc.org/dog-breeds/azawakh/,https://www.akc.org/wp-content/uploads/2017/11/Azawakh_illustration.bw_.1.jpg
Barbets,35-65,50,22.6796,Medium,4,5,5,1,3,1,Curly,Medium,3,3,3,3,4,3,3,3,NA,NA,NA,NA,NA,NA,NA,145,https://www.akc.org/dog-breeds/barbet/,https://www.akc.org/wp-content/uploads/2017/11/Barbet-illustration.jpg
Basenjis,22-24,23,10.432616,Small,3,3,3,2,1,1,Smooth,Short,3,3,3,3,2,4,1,4,85,86,87,88,84,87,88,86,https://www.akc.org/dog-breeds/basenji/,https://www.akc.org/wp-content/uploads/2017/11/Basenji-Illo-2.jpg
Beagles,20-30,25,11.3398,Small,3,5,5,3,2,1,Smooth,Short,3,4,2,4,3,4,4,4,4,5,5,5,6,6,7,7,https://www.akc.org/dog-breeds/beagle/,https://www.akc.org/wp-content/uploads/2017/11/Beagle-Illo-2.jpg
Beaucerons,70-110,90,40.82328,Large,3,3,3,4,3,1,Smooth,Short,2,3,4,3,3,5,3,3,152,145,142,140,141,124,123,121,https://www.akc.org/dog-breeds/beauceron/,https://www.akc.org/wp-content/uploads/2017/11/Beauceron-Illo-2.jpg
Belgian Malinois,40-80,60,27.215519999999998,Large,3,3,3,3,2,1,Smooth,Short,3,3,4,3,5,4,3,4,60,60,51,47,44,43,41,37,https://www.akc.org/dog-breeds/belgian-malinois/,https://www.akc.org/wp-content/uploads/2017/11/Belgian-Malinois-Illo-2.jpg
Belgian Tervuren,45-75,60,27.215519999999998,Large,3,3,3,3,2,1,Double,Medium,3,3,4,3,5,4,3,4,108,110,98,107,103,106,105,106,https://www.akc.org/dog-breeds/belgian-tervuren/,https://www.akc.org/wp-content/uploads/2017/11/Belgian-Tervuren-Illo-2.jpg
Bloodhounds,80-110,95,43.09124,Large,4,3,3,3,2,5,Smooth,Short,3,3,2,3,4,3,5,3,48,50,49,52,50,49,51,46,https://www.akc.org/dog-breeds/bloodhound/,https://www.akc.org/wp-content/uploads/2017/11/Bloodhound-Illo-2.jpg
Boerboels,150-200,175,79.3786,X-Large,5,4,2,3,2,3,Smooth,Short,3,3,5,3,4,3,3,4,NA,NA,NA,NA,NA,NA,NA,123,https://www.akc.org/dog-breeds/boerboel/,https://www.akc.org/wp-content/uploads/2017/11/Boerboel-Illo-2.jpg
Borzois,60-105,82.5,37.42134,Large,3,3,3,3,2,1,Curly,Medium,3,3,3,3,2,4,2,4,99,102,89,98,102,103,107,103,https://www.akc.org/dog-breeds/borzoi/,https://www.akc.org/wp-content/uploads/2017/11/Borzoi-Illo-2.jpg
Boxers,65-80,72.5,32.885419999999996,Large,4,5,3,2,2,3,Smooth,Short,4,4,4,3,4,4,3,4,7,8,10,10,11,11,14,14,https://www.akc.org/dog-breeds/boxer/,https://www.akc.org/wp-content/uploads/2017/11/Boxer-Illo-2.jpg
Briards,55-100,77.5,35.15338,Large,3,3,3,1,4,2,Double,Long,3,3,4,3,3,3,1,3,127,132,130,132,127,132,137,150,https://www.akc.org/dog-breeds/briard/,https://www.akc.org/wp-content/uploads/2017/11/Briard-Illo-2.jpg
Brittanys,30-40,35,15.87572,Medium,3,4,4,3,3,1,Double,Short,3,4,3,3,5,5,3,4,30,27,26,25,26,26,26,28,https://www.akc.org/dog-breeds/brittany/,https://www.akc.org/wp-content/uploads/2017/11/Brittany-Illo-2.jpg
Bulldogs,40-50,45,20.41164,Medium,4,3,3,3,3,3,Smooth,Short,4,4,3,3,4,3,2,3,52,53,55,57,60,62,62,64,https://www.akc.org/dog-breeds/bull-terrier/,https://www.akc.org/wp-content/uploads/2017/11/Bull-Terrrier-Illo.jpg
Bullmastiffs,100-130,115,52.16308,X-Large,4,3,3,3,1,3,Smooth,Short,3,3,5,3,4,4,1,4,5,4,4,4,5,5,5,5,https://www.akc.org/dog-breeds/bulldog/,https://www.akc.org/wp-content/uploads/2017/11/Bulldog-Illo-2.jpg
Cane Corso,"NA",NA,0,Large,4,3,3,2,1,3,Smooth,Short,3,3,5,3,4,4,3,3,50,48,35,40,37,32,30,25,https://www.akc.org/dog-breeds/cane-corso/,https://www.akc.org/wp-content/uploads/2017/11/Cane-Corso-Illo-2.jpg
Chihuahuas,<6,6,2.721552,X-Small,4,1,3,2,1,1,Smooth,Short,2,4,4,4,3,4,5,3,22,24,28,30,32,33,35,34,https://www.akc.org/dog-breeds/chihuahua/,https://www.akc.org/wp-content/uploads/2017/11/Chihuahua-Illo-2.jpg
Chinese Crested,8-12,10,4.53592,X-Small,4,3,3,1,2,1,Hairless,Short,4,3,3,4,4,3,3,3,68,65,75,77,79,79,81,79,https://www.akc.org/dog-breeds/chinese-crested/,https://www.akc.org/wp-content/uploads/2017/11/Chinese-Crested-Illo-2.jpg
Chinese Shar-Pei,45-60,52.5,23.813579999999998,Medium,4,3,3,3,1,3,Smooth,Short,3,3,4,4,3,3,3,3,54,58,59,61,64,64,66,61,https://www.akc.org/dog-breeds/chinese-shar-pei/,https://www.akc.org/wp-content/uploads/2017/11/Chinese-Shar-Pei-Illo-2.jpg
Chinooks,50-90,70,31.75144,Large,4,5,5,3,3,1,Smooth,Medium,3,3,4,4,4,3,5,3,156,171,177,175,179,190,186,186,https://www.akc.org/dog-breeds/chinook/,https://www.akc.org/wp-content/uploads/2017/11/Chinook.21.jpg
Collies,50-75,62.5,28.3495,Medium,4,5,3,3,3,2,Smooth,Short,3,4,3,4,4,3,5,3,35,36,36,37,40,38,38,40,https://www.akc.org/dog-breeds/collie/,https://www.akc.org/wp-content/uploads/2017/11/Collie-Illo-2.jpg
Dachshunds,11-32,21.5,9.752228,Small,5,3,4,2,2,2,Smooth,Short,4,4,4,4,4,3,5,3,10,11,13,13,13,12,11,10,https://www.akc.org/dog-breeds/dachshund/,https://www.akc.org/wp-content/uploads/2017/11/Dachshund-Illo-2.jpg
Dalmatians,45-70,52.5,23.813579999999998,Medium,5,3,3,4,2,2,Smooth,Short,4,4,4,4,4,4,3,4,64,66,62,62,63,56,60,51,https://www.akc.org/dog-breeds/dalmatian/,https://www.akc.org/wp-content/uploads/2017/11/Dalmatian-Illo-2.jpg
Finnish Spitz,20-33,26.5,12.020188,Medium,5,5,4,3,2,2,Double,Medium,3,3,3,4,3,5,5,4,170,174,178,179,177,184,185,187,https://www.akc.org/dog-breeds/finnish-spitz/,https://www.akc.org/wp-content/uploads/2017/11/Finnish-Spitz-Illo-2.jpg
Great Pyrenees,85-100,92.5,41.95726,X-Large,5,3,3,3,2,3,Double,Medium,3,3,5,3,3,3,3,3,74,80,78,78,75,74,74,76,https://www.akc.org/dog-breeds/greater-swiss-mountain-dog/,https://www.akc.org/wp-content/uploads/2017/11/Greater-Swiss-Mountain-Dog-Illo-2.jpg
Greyhounds,60-70,65,29.48348,Large,4,3,4,2,1,1,Smooth,Short,3,3,3,4,3,4,3,3,148,147,147,151,156,145,164,142,https://www.akc.org/dog-breeds/greyhound/,https://www.akc.org/wp-content/uploads/2017/11/Greyhound-Illo-2.jpg
Harriers,45-60,52.5,23.813579999999998,Medium,5,5,5,3,1,2,Double,Short,4,4,3,4,4,4,5,4,173,181,183,186,183,189,188,190,https://www.akc.org/dog-breeds/harrier/,https://www.akc.org/wp-content/uploads/2017/11/Harrier-Illo-2.jpg
Havanese,7-13,10,4.53592,Small,5,5,5,2,3,1,Double,Long,5,5,3,5,4,3,4,3,25,25,24,23,23,24,22,24,https://www.akc.org/dog-breeds/havanese/,https://www.akc.org/wp-content/uploads/2017/11/Havanese-Illo-2.jpg
Japanese Chin,7-11,9,4.082328,X-Small,5,3,5,3,2,1,Silky,Medium,3,3,3,4,3,3,2,3,87,93,97,108,108,104,110,111,https://www.akc.org/dog-breeds/japanese-chin/,https://www.akc.org/wp-content/uploads/2017/11/Japanese-Chin-Illo-3.jpg
Leonbergers,90-170,130,58.96696,X-Large,5,5,3,4,4,3,Double,Long,5,3,4,4,5,3,3,4,98,104,93,95,100,93,97,98,https://www.akc.org/dog-breeds/leonberger/,https://www.akc.org/wp-content/uploads/2017/11/Leonberger-illustration.jpg
Lowchen,15,15,6.8038799999999995,Small,5,5,3,2,2,1,Wavy,Long,3,4,4,4,4,3,3,3,154,165,161,171,169,168,160,161,https://www.akc.org/dog-breeds/lowchen/,https://www.akc.org/wp-content/uploads/2017/11/Lowchen-Illo.jpg
Maltese,<7,7,3.175144,X-Small,5,3,3,1,4,1,Silky,Long,3,3,4,4,3,3,3,3,27,29,31,33,33,37,36,38,https://www.akc.org/dog-breeds/maltese/,https://www.akc.org/wp-content/uploads/2017/11/Maltese-Illo-2.jpg
Mastiffs,120-230,175,79.3786,X-Large,5,5,3,3,1,4,Double,Short,3,3,5,4,3,3,1,3,26,26,25,28,28,29,32,33,https://www.akc.org/dog-breeds/mastiff/,https://www.akc.org/wp-content/uploads/2017/11/Mastiff-Illo-2.jpg
Newfoundlands,100-150,125,56.699,X-Large,5,5,5,3,2,5,Double,Medium,5,3,5,4,3,3,1,3,37,37,37,35,36,40,40,41,https://www.akc.org/dog-breeds/newfoundland/,https://www.akc.org/wp-content/uploads/2017/11/Newfoundland-Illo-2.jpg
Otterhounds,80-115,97.5,44.22522,Large,5,3,3,2,2,3,Rough,Medium,4,3,3,4,4,3,5,3,172,179,180,166,186,182,174,176,https://www.akc.org/dog-breeds/otterhound/,https://www.akc.org/wp-content/uploads/2017/11/Otterhound-Illo-2.jpg
Papillons,5-10,7.5,3.4019399999999997,X-Small,5,5,3,3,2,1,Silky,Medium,5,5,4,5,5,4,5,5,38,43,48,53,53,54,53,53,https://www.akc.org/dog-breeds/papillon/,https://www.akc.org/wp-content/uploads/2017/11/Papillon-Illo-2.jpg
Pekingese,14,14,6.350288,Small,5,3,3,3,3,1,Double,Long,3,4,4,4,3,3,1,3,77,82,80,93,88,92,84,95,https://www.akc.org/dog-breeds/pekingese/,https://www.akc.org/wp-content/uploads/2017/11/Pekingese-Illo-2.jpg
Pointers,45-75,60,27.215519999999998,Large,5,3,5,3,2,2,Smooth,Short,4,4,3,4,5,4,3,4,114,119,114,117,113,114,117,116,https://www.akc.org/dog-breeds/pointer/,https://www.akc.org/wp-content/uploads/2017/11/Pointer-Illo-2.jpg
Pomeranians,3-7,5,2.26796,X-Small,5,3,3,2,3,1,Double,Long,3,3,4,4,3,3,4,3,19,20,21,22,22,23,24,23,https://www.akc.org/dog-breeds/pomeranian/,https://www.akc.org/wp-content/uploads/2017/11/Pomeranian-Illo-2.jpg
Pugs,14-18,16,7.257472,Small,5,5,4,4,2,1,Smooth,Short,5,5,3,5,4,3,1,3,31,33,33,32,31,28,31,29,https://www.akc.org/dog-breeds/pug/,https://www.akc.org/wp-content/uploads/2017/11/Pug-Illo-2.jpg
Pulik,25-35,30,13.607759999999999,Medium,5,3,3,1,5,2,Corded,Long,3,3,5,4,5,3,3,5,136,151,154,159,142,160,NA,143,https://www.akc.org/dog-breeds/puli/,https://www.akc.org/wp-content/uploads/2017/11/Puli-Illo-2.jpg
Pumik,22-29,25.5,11.566596,Small,5,3,3,1,2,2,Curly,Medium,3,4,4,4,5,5,3,5,NA,NA,NA,NA,NA,NA,NA,156,https://www.akc.org/dog-breeds/pumi/,https://www.akc.org/wp-content/uploads/2017/11/Pumi-Illo-2.jpg
Rottweilers,80-135,107.5,48.76114,Large,5,3,3,3,1,3,Smooth,Short,3,4,5,4,5,3,1,5,9,10,9,8,8,8,8,8,https://www.akc.org/dog-breeds/rottweiler/,https://www.akc.org/wp-content/uploads/2017/11/Rottweiler-Illo-2.jpg
Salukis,40-65,52.5,23.813579999999998,Large,5,3,3,2,1,1,Smooth,Short,3,3,1,3,3,4,3,5,115,134,132,125,123,120,127,144,https://www.akc.org/dog-breeds/saluki/,https://www.akc.org/wp-content/uploads/2017/11/Saluki-Illo-2.jpg
Samoyeds,35-65,50,22.6796,Medium,5,5,3,3,3,1,Double,Long,5,5,4,4,4,4,5,4,67,68,61,65,57,59,59,56,https://www.akc.org/dog-breeds/samoyed/,https://www.akc.org/wp-content/uploads/2017/11/Samoyed-illo.jpg
Schipperkes,10-16,13,5.896696,Small,5,3,3,3,2,1,Double,Short,3,4,5,4,4,3,4,3,109,109,109,112,110,105,108,114,https://www.akc.org/dog-breeds/schipperke/,https://www.akc.org/wp-content/uploads/2017/11/Schipperke-Illo-2.jpg
Shiba Inu,17-23,20,9.07184,Small,5,3,3,3,2,1,Double,Short,3,3,5,3,2,3,3,4,46,47,45,44,45,44,45,43,https://www.akc.org/dog-breeds/shiba-inu/,https://www.akc.org/wp-content/uploads/2017/11/Shiba-Inu-Illo-2.jpg
Shih Tzu,9-16,12.5,5.6699,Small,5,5,5,1,4,1,Double,Long,3,3,3,5,4,3,3,3,15,17,19,20,20,20,20,20,https://www.akc.org/dog-breeds/shih-tzu/,https://www.akc.org/wp-content/uploads/2017/11/Shih-Tzu-Illo-2.jpg
Sloughis,35-50,42.5,19.27766,Large,4,3,3,3,1,1,Smooth,Short,2,3,2,3,3,4,2,3,NA,NA,NA,NA,NA,NA,NA,189,https://www.akc.org/dog-breeds/sloughi/,https://www.akc.org/wp-content/uploads/2017/11/Sloughi-Illo.jpg
Vizslas,44-60,52,23.586784,Medium,5,5,4,3,2,2,Smooth,Short,4,5,3,5,5,5,3,5,34,34,32,31,30,31,34,35,https://www.akc.org/dog-breeds/vizsla/,https://www.akc.org/wp-content/uploads/2017/11/Vizsla-Illo-2.jpg
Weimaraners,55-90,72.5,32.885419999999996,Large,5,5,3,3,2,2,Smooth,Short,3,5,5,4,5,5,3,5,33,35,34,34,34,36,39,39,https://www.akc.org/dog-breeds/weimaraner/,https://www.akc.org/wp-content/uploads/2017/11/Weimaraner-Illo.jpg
Whippets,25-40,32.5,14.74174,Medium,5,5,5,2,1,1,Smooth,Short,3,4,3,3,3,4,1,4,59,56,57,60,61,61,58,59,https://www.akc.org/dog-breeds/whippet/,https://www.akc.org/wp-content/uploads/2017/11/Whippet-Illo-2.jpg
Xoloitzcuintli,30-55,42.5,19.27766,Medium,5,3,3,1,1,1,Hairless,Short,3,4,3,4,4,4,3,4,139,142,135,139,143,140,139,131,https://www.akc.org/dog-breeds/xoloitzcuintli/,https://www.akc.org/wp-content/uploads/2017/11/Xoloitzcuintli-Illo.jpg
Afghan Hounds,50-60,55,24.94756,Large,3,3,3,1,4,1,Silky,Long,3,3,3,3,1,4,3,3,95,98,100,113,93,113,113,122,https://www.akc.org/dog-breeds/afghan-hound/,https://www.akc.org/wp-content/uploads/2017/11/Afghan-Hound-illustration.jpg
Airedale Terriers,50-70,60,27.215519999999998,Medium,3,3,3,1,3,1,Wiry,Short,3,3,5,3,3,3,3,3,56,57,53,55,55,60,61,62,https://www.akc.org/dog-breeds/airedale-terrier/,https://www.akc.org/wp-content/uploads/2017/11/Airedale-Terrier-illustration.jpg
Alaskan Malamutes,75-85,80,36.28736,Large,3,3,3,3,3,1,Double,Medium,3,3,4,3,5,4,3,3,57,54,54,59,59,58,65,65,https://www.akc.org/dog-breeds/alaskan-malamute/,https://s3.amazonaws.com/cdn-origin-etr.akc.org/wp-content/uploads/2017/11/09152345/Alaskan-Malamute-illustration.jpg
American Foxhounds,60-70,65,29.48348,Medium,3,5,5,3,1,1,Smooth,Short,3,3,3,3,3,4,5,3,176,180,181,189,187,186,191,192,https://www.akc.org/dog-breeds/american-foxhound/,https://www.akc.org/wp-content/uploads/2017/11/American-Foxhound-Illo-2.jpg
Australian Shepherds,40-65,52.5,23.813579999999998,Medium,3,5,3,3,2,1,Double,Medium,3,4,3,3,5,5,3,5,20,18,17,16,17,15,13,12,https://www.akc.org/dog-breeds/australian-shepherd/,https://www.akc.org/wp-content/uploads/2017/11/Australian-Shepherd-Illo-2.jpg
Australian Terriers,15-20,17.5,7.93786,Small,3,5,3,1,2,1,Wiry,Short,3,4,4,3,4,4,5,4,122,139,125,136,137,139,144,134,https://www.akc.org/dog-breeds/australian-terrier/,https://www.akc.org/wp-content/uploads/2017/11/Australian-Terrier-Illo-2.jpg
Basset Hounds,40-65,52.5,23.813579999999998,Medium,3,5,5,2,3,4,Smooth,Short,3,3,3,3,3,2,4,3,42,42,39,39,39,39,37,36,https://www.akc.org/dog-breeds/basset-hound/,https://www.akc.org/wp-content/uploads/2017/11/Basset-Hound-Illo-2.jpg
Bearded Collies,45-55,50,22.6796,Medium,4,5,5,3,4,1,Silky,Long,4,4,3,4,3,4,5,3,112,121,119,126,125,127,138,125,https://www.akc.org/dog-breeds/bearded-collie/,https://www.akc.org/wp-content/uploads/2017/11/Bearded-Collie-Illo-2.jpg
Bedlington Terriers,17-23,20,9.07184,Small,3,3,3,1,3,1,Curly,Medium,3,3,4,3,3,4,3,3,137,140,146,138,151,141,153,141,https://www.akc.org/dog-breeds/bedlington-terrier/,https://www.akc.org/wp-content/uploads/2017/11/Bedlington-Terrier-Illo-2.jpg
Belgian Sheepdogs,45-75,60,27.215519999999998,Large,3,3,3,3,2,1,Double,Medium,3,3,4,3,5,4,3,4,119,123,120,129,120,125,128,117,https://www.akc.org/dog-breeds/belgian-sheepdog/,https://www.akc.org/wp-content/uploads/2017/11/Belgian-Sheepdog-Illo-2.jpg
Berger Picards,50-70,60,27.215519999999998,Large,3,3,3,3,1,1,Wiry,Medium,3,3,4,3,4,4,2,4,NA,NA,NA,NA,NA,NA,NA,151,https://www.akc.org/dog-breeds/berger-picard/,https://www.akc.org/wp-content/uploads/2017/11/Berger-Picard-illustration.jpg
Bluetick Coonhounds,45-80,62.5,28.3495,Medium,3,3,5,3,2,2,Smooth,Short,3,3,2,3,4,4,4,3,128,130,123,121,132,130,140,137,https://www.akc.org/dog-breeds/bluetick-coonhound/,https://www.akc.org/wp-content/uploads/2017/11/Bluetick-Coonhound-Illo-2.jpg
Border Collies,30-55,42.5,19.27766,Medium,5,3,3,3,3,1,Double,Medium,4,5,3,5,5,5,4,5,44,40,38,38,38,35,33,32,https://www.akc.org/dog-breeds/border-collie/,https://www.akc.org/wp-content/uploads/2017/11/Border-Collie-Illo-2.jpg
Border Terriers,11.5-15.5,13.5,6.123492,Small,4,5,3,2,2,1,Wiry,Short,4,4,3,4,4,3,3,3,81,85,82,86,92,88,85,97,https://www.akc.org/dog-breeds/border-terrier/,https://www.akc.org/wp-content/uploads/2017/11/Border-Terrier-Illo-2.jpg
Boston Terriers,12-25,18.5,8.391452,Small,5,5,4,2,2,1,Smooth,Short,5,5,3,3,4,4,2,3,23,23,22,21,21,21,21,21,https://www.akc.org/dog-breeds/boston-terrier/,https://www.akc.org/wp-content/uploads/2017/11/Boston-Terrier-Illo-2.jpg
Brussels Griffons,8-10,9,4.082328,X-Small,4,3,3,3,3,1,Wiry,Short,4,4,3,4,4,3,4,3,84,91,95,97,94,98,98,89,https://www.akc.org/dog-breeds/brussels-griffon/,https://www.akc.org/wp-content/uploads/2017/11/Brussels-Griffon-Illo-2.jpg
Bull Terriers,50-70,60,27.215519999999998,Medium,4,3,1,3,2,1,Smooth,Short,4,4,3,3,3,4,3,4,41,45,43,48,51,51,52,55,https://www.akc.org/dog-breeds/bullmastiff/,https://www.akc.org/wp-content/uploads/2017/11/Bullmastiff-Illo-2.jpg
Cairn Terriers,13-14,13.5,6.123492,Small,4,3,3,2,2,1,Wiry,Medium,3,4,4,3,3,3,4,3,61,69,70,70,69,69,73,73,https://www.akc.org/dog-breeds/cairn-terrier/,https://www.akc.org/wp-content/uploads/2017/11/Cairn-Terrier-Illo-2.jpg
Canaan Dogs,35-55,45,20.41164,Medium,3,3,3,4,2,1,Smooth,Short,3,3,4,3,4,3,5,3,164,176,170,181,175,179,181,184,https://www.akc.org/dog-breeds/canaan-dog/,https://www.akc.org/wp-content/uploads/2017/11/Caanan-Dog-Illo.jpg
Cesky Terriers,14-24,19,8.618248,Small,4,5,3,2,2,1,Wavy,Medium,4,3,3,4,3,3,3,3,174,182,179,182,185,185,190,191,https://www.akc.org/dog-breeds/cesky-terrier/,https://www.akc.org/wp-content/uploads/2017/11/Cesky-Terrier-Illo-2.jpg
Chow Chows,45-70,57.5,26.08154,Medium,4,3,2,3,3,3,Smooth,Medium,2,3,5,3,3,3,1,3,70,70,73,74,76,75,78,84,https://www.akc.org/dog-breeds/chow-chow/,https://www.akc.org/wp-content/uploads/2017/11/Chow-Chow-Illo-2.jpg
Coton de Tulear,8-15,11.5,5.216308,Small,5,5,5,2,4,1,Double,Long,5,4,3,4,4,3,1,3,NA,NA,NA,NA,NA,NA,NA,80,https://www.akc.org/dog-breeds/coton-de-tulear/,https://www.akc.org/wp-content/uploads/2017/11/Coton-de-Tulear-Illo-2.jpg
Doberman Pinschers,60-100,80,36.28736,Large,5,5,3,4,1,2,Smooth,Short,4,4,5,4,5,5,3,4,12,14,14,15,16,17,19,18,https://www.akc.org/dog-breeds/doberman-pinscher/,https://www.akc.org/wp-content/uploads/2017/11/Doberman-Pinscher-illustration.jpg
Dogo Argentinos,80-100,90,40.82328,Large,5,3,3,4,1,3,Smooth,Short,4,4,5,4,5,5,3,4,NA,NA,NA,NA,NA,NA,NA,93,https://www.akc.org/dog-breeds/dogo-argentino/,https://www.akc.org/wp-content/uploads/2017/11/Dogo-Argentino-illustration.jpg
English Foxhounds,60-75,67.5,30.61746,Medium,5,5,5,3,1,2,Double,Short,4,4,3,4,4,4,5,4,177,183,184,187,189,188,195,194,https://www.akc.org/dog-breeds/english-foxhound/,https://www.akc.org/wp-content/uploads/2017/11/English-Foxhound-Illo-2.jpg
Finnish Lapphunds,33-53,43,19.504456,Medium,5,4,3,4,2,2,Double,Medium,4,3,3,4,4,3,5,3,171,173,169,173,173,161,167,165,https://www.akc.org/dog-breeds/finnish-lapphund/,https://www.akc.org/wp-content/uploads/2017/11/Finnish-Lapphund-Illo-2.jpg
French Bulldogs,<28,28,12.700576,Small,5,5,4,3,1,3,Smooth,Short,5,5,3,5,4,3,1,3,11,9,6,6,4,4,4,2,https://www.akc.org/dog-breeds/french-bulldog/,https://www.akc.org/wp-content/uploads/2017/11/French-Bulldog-Illo-2.jpg
German Pinschers,25-45,35,15.87572,Medium,5,3,3,3,1,1,Smooth,Short,3,4,4,3,5,5,3,4,130,141,138,146,136,134,125,139,https://www.akc.org/dog-breeds/german-pinscher/,https://www.akc.org/wp-content/uploads/2017/11/German-Pinscher-Illo-2.jpg
Giant Schnauzers,55-85,70,31.75144,Large,5,3,3,3,4,2,Wiry,Medium,3,4,5,4,5,5,3,4,83,83,81,79,80,78,72,67,https://www.akc.org/dog-breeds/giant-schnauzer/,https://www.akc.org/wp-content/uploads/2017/11/Giant-Schnauzer-Illo-2.jpg
Great Danes,110-175,142.5,64.63686,X-Large,5,3,3,3,1,4,Smooth,Short,3,4,5,4,3,4,3,4,69,75,67,67,66,66,70,70,https://www.akc.org/dog-breeds/great-pyrenees/,https://www.akc.org/wp-content/uploads/2017/11/Great-Pyrenees-Illo-2.jpg
Ibizan Hounds,45-50,47.5,21.54562,Large,5,3,5,2,1,1,Wiry,Short,3,4,3,4,3,5,3,5,151,159,160,152,165,152,173,171,https://www.akc.org/dog-breeds/ibizan-hound/,https://www.akc.org/wp-content/uploads/2017/11/Ibizan-Hound-Illo-2.jpg
Icelandic Sheepdogs,25-30,27.5,12.47378,Medium,5,5,4,3,2,2,Double,Medium,3,3,4,4,5,4,4,5,142,146,140,153,144,155,134,154,https://www.akc.org/dog-breeds/icelandic-sheepdog/,https://www.akc.org/wp-content/uploads/2017/11/Icelandic-Sheepdog-Illo-2.jpg
Irish Terriers,25-27,26,11.793392,Medium,5,5,1,2,1,1,Wiry,Medium,3,3,5,4,3,3,3,4,123,125,113,115,114,116,121,120,https://www.akc.org/dog-breeds/irish-terrier/,https://www.akc.org/wp-content/uploads/2017/11/Irish-Terrier-Illo-2.jpg
Irish Wolfhounds,105-120,112.5,51.0291,X-Large,5,3,4,3,2,2,Wiry,Medium,3,3,5,3,3,3,1,3,73,72,69,73,73,76,77,74,https://www.akc.org/dog-breeds/irish-wolfhound/,https://www.akc.org/wp-content/uploads/2017/11/Irish-Wolfhound-Illo-2.jpg
Italian Greyhounds,7-14,10.5,4.762716,Small,5,3,5,3,1,1,Smooth,Short,5,4,3,4,4,3,3,3,66,74,71,72,74,73,68,69,https://www.akc.org/dog-breeds/italian-greyhound/,https://www.akc.org/wp-content/uploads/2017/11/Italian-Greyhound-Illo-2.jpg
Keeshonden,35-45,40,18.14368,Medium,5,5,5,3,3,2,Double,Long,5,5,5,5,5,4,4,4,86,87,84,92,87,95,89,96,https://www.akc.org/dog-breeds/keeshond/,https://www.akc.org/wp-content/uploads/2017/11/Keeshond-Illo-2.jpg
Komondorok,80-100,90,40.82328,Large,5,3,2,1,4,2,Corded,Long,3,3,5,3,4,3,3,3,159,168,163,177,163,173,183,178,https://www.akc.org/dog-breeds/komondor/,https://www.akc.org/wp-content/uploads/2017/11/Komondor-Illo-2.jpg
Kuvaszok,70-115,92.5,41.95726,Large,5,3,3,3,2,2,Double,Medium,3,3,5,4,5,3,3,3,150,161,150,165,157,163,168,177,https://www.akc.org/dog-breeds/kuvasz/,https://www.akc.org/wp-content/uploads/2017/11/Kuvasz-Illo-2.jpg
Lakeland Terriers,17,17,7.711064,Small,5,3,3,2,2,1,Wiry,Short,3,4,3,4,3,3,3,4,134,149,141,145,138,147,150,136,https://www.akc.org/dog-breeds/lakeland-terrier/,https://www.akc.org/wp-content/uploads/2017/11/Lakeland-Terrier-Illo-2.jpg
Lhasa Apsos,12-18,15,6.8038799999999995,Small,5,3,3,1,3,1,Silky,Long,3,3,5,5,3,3,3,3,63,67,65,71,77,71,79,78,https://www.akc.org/dog-breeds/lhasa-apso/,https://www.akc.org/wp-content/uploads/2017/11/Lhasa-Apso-Illo-2.jpg
Miniature Pinschers,8-10,9,4.082328,X-Small,5,3,4,3,1,1,Smooth,Short,3,4,5,4,3,5,5,5,53,61,64,68,71,70,75,77,https://www.akc.org/dog-breeds/miniature-pinscher/,https://www.akc.org/wp-content/uploads/2017/11/Miniature-Pinscher-Illo-2.jpg
Miniature Schnauzers,11-20,15.5,7.030676,Small,5,5,3,3,4,2,Wiry,Medium,3,4,4,5,5,3,5,4,17,16,16,17,18,19,18,19,https://www.akc.org/dog-breeds/miniature-schnauzer/,https://www.akc.org/wp-content/uploads/2017/11/Miniature-Schnauzer-Illo-2.jpg
Neapolitan Mastiffs,110-150,130,58.96696,X-Large,3,3,3,3,2,5,Smooth,Short,3,2,5,3,3,2,1,3,111,114,106,99,107,102,102,100,https://www.akc.org/dog-breeds/neapolitan-mastiff/,https://www.akc.org/wp-content/uploads/2017/11/Neapolitan-Mastiff-Illo-2.jpg
Nederlandse Kooikerhondjes,20-30,25,11.3398,Medium,5,3,3,3,2,2,Double,Medium,4,3,3,4,5,4,3,4,NA,NA,NA,NA,NA,NA,NA,162,https://www.akc.org/dog-breeds/nederlandse-kooikerhondje/,https://www.akc.org/wp-content/uploads/2017/11/nederlandse_kooikerhondje_illustration.jpg
Norfolk Terriers,11-12,11.5,5.216308,Small,5,5,3,3,2,1,Wiry,Short,5,4,4,4,3,4,4,4,129,131,131,134,128,126,133,130,https://www.akc.org/dog-breeds/norfolk-terrier/,https://www.akc.org/wp-content/uploads/2017/11/Norfolk-Terrier-Illo-2.jpg
Norwegian Buhunds,26-40,33,14.968536,Medium,5,3,3,3,2,1,Double,Medium,3,3,4,4,3,4,4,4,166,172,165,174,170,165,171,168,https://www.akc.org/dog-breeds/norwegian-buhund/,https://www.akc.org/wp-content/uploads/2017/11/Norwegian-Buhund-Illo-2.jpg
Norwegian Elkhounds,48-50,49,22.226008,Medium,5,3,3,3,2,2,Double,Medium,4,4,5,4,4,4,4,4,103,103,88,94,91,97,94,91,https://www.akc.org/dog-breeds/norwegian-elkhound/,https://www.akc.org/wp-content/uploads/2017/11/Norwegian-Elkhound-Illo-2.jpg
Norwegian Lundehunds,20-30,25,11.3398,Small,3,3,3,3,2,1,Double,Short,3,3,3,3,3,3,3,3,175,184,182,188,190,191,194,195,https://www.akc.org/dog-breeds/norwegian-lundehund/,https://www.akc.org/wp-content/uploads/2017/11/Norwegian-Lundehund-Illo-2.jpg
Norwich Terriers,12,12,5.443104,Small,5,5,3,3,2,1,Wiry,Short,5,4,4,4,3,4,4,4,89,97,103,103,105,108,104,109,https://www.akc.org/dog-breeds/norwich-terrier/,https://www.akc.org/wp-content/uploads/2017/11/Norwich-Terrier-illustration.jpg
Pharaoh Hounds,45-55,50,22.6796,Medium,5,3,5,3,2,1,Smooth,Short,3,3,3,3,4,4,3,4,160,164,171,168,174,172,163,180,https://www.akc.org/dog-breeds/pharaoh-hound/,https://www.akc.org/wp-content/uploads/2017/11/Pharaoh-Hound-Illo-2.jpg
Plott Hounds,"NA",NA,0,Medium,0,0,0,0,0,0,Plott Hounds,Plott Hounds,0,0,0,0,0,0,0,0,NA,NA,NA,NA,NA,NA,NA,167,https://www.akc.org/dog-breeds/plott-hound/,https://www.akc.org/wp-content/uploads/2017/11/Plott-Illo-2.jpg
Pyrenean Shepherds,15-30,22.5,10.20582,Medium,5,3,3,3,2,2,Smooth,Medium,3,5,5,4,5,5,4,5,169,178,176,176,180,181,184,182,https://www.akc.org/dog-breeds/pyrenean-shepherd/,https://www.akc.org/wp-content/uploads/2017/11/Pyrenean-Shepherd-Illo-2.jpg
Rat Terriers,10-25,17.5,7.93786,Small,5,5,3,3,2,1,Smooth,Short,5,5,4,4,5,4,3,5,NA,NA,NA,NA,NA,NA,NA,83,https://www.akc.org/dog-breeds/rat-terrier/,https://www.akc.org/wp-content/uploads/2017/11/Rat-Terrier-Illo-2.jpg
Redbone Coonhounds,45-70,57.5,26.08154,Large,5,5,5,3,2,3,Smooth,Short,3,3,3,4,3,3,4,4,133,148,139,143,139,142,145,146,https://www.akc.org/dog-breeds/redbone-coonhound/,https://www.akc.org/wp-content/uploads/2017/11/Redbone-Coonhound-Illo-2.jpg
Curly-Coated Retrievers ,60-95,77.5,35.15338,Large,5,5,3,2,1,1,Double,Short,3,4,4,4,4,4,3,3,163,163,151,164,171,162,165,159,https://www.akc.org/dog-breeds/curly-coated-retriever/,https://www.akc.org/wp-content/uploads/2017/11/Curly-Coated-Retriever-illustration.jpg
Flat-Coated Retrievers ,60-70,65,29.48348,Medium,5,5,5,3,2,2,Smooth,Medium,5,5,3,5,5,5,3,4,94,92,86,89,96,91,106,102,https://www.akc.org/dog-breeds/flat-coated-retriever/,https://www.akc.org/wp-content/uploads/2017/11/Flat-Coated-Retriever-Illo-2.jpg
Golden Retrievers ,55-75,65,29.48348,Large,5,5,5,4,2,2,Double,Medium,5,4,3,5,5,3,1,4,3,3,3,3,3,3,3,4,https://www.akc.org/dog-breeds/golden-retriever/,https://www.akc.org/wp-content/uploads/2017/11/Golden-Retriever-Illo-2.jpg
Labrador Retrievers ,55-80,67.5,30.61746,Large,5,5,5,4,2,2,Double,Short,5,5,3,5,5,5,3,4,1,1,1,1,1,1,1,1,https://www.akc.org/dog-breeds/labrador-retriever/,https://www.akc.org/wp-content/uploads/2017/11/Labrador-Retriever-illustration.jpg
Rhodesian Ridgebacks,70-85,77.5,35.15338,Large,5,5,3,3,2,2,Smooth,Short,3,3,5,4,4,3,2,4,39,39,40,42,41,41,42,42,https://www.akc.org/dog-breeds/rhodesian-ridgeback/,https://www.akc.org/wp-content/uploads/2017/11/Rhodesian-Ridgeback-Illo-2.jpg
Russell Terriers,9-15,12,5.443104,Small,5,3,5,3,2,1,Wiry,Short,5,5,4,4,3,5,4,5,102,105,104,90,78,82,76,72,https://www.akc.org/dog-breeds/russell-terrier/,https://www.akc.org/wp-content/uploads/2017/11/Russell-Terrier-illustration.jpg
Scottish Deerhounds,75-110,92.5,41.95726,X-Large,5,3,5,3,1,1,Wiry,Medium,3,3,3,3,3,3,1,3,165,157,152,154,168,158,151,166,https://www.akc.org/dog-breeds/scottish-deerhound/,https://www.akc.org/wp-content/uploads/2017/11/Scottish-Deerhound-Illo-2.jpg
Scottish Terriers,18-22,20,9.07184,Small,5,3,2,2,3,2,Wiry,Medium,3,4,5,4,3,3,4,4,55,59,58,58,58,57,57,57,https://www.akc.org/dog-breeds/scottish-terrier/,https://www.akc.org/wp-content/uploads/2017/11/Scottish-Terrier-Illo-2.jpg
Sealyham Terriers,23-24,23.5,10.659412,Small,5,3,3,3,3,1,Wiry,Medium,4,3,5,4,4,3,4,4,158,169,158,155,150,164,156,148,https://www.akc.org/dog-breeds/sealyham-terrier/,https://www.akc.org/wp-content/uploads/2017/11/Sealyham-Terrier-Illo-3.jpg
English Setters ,45-80,62.5,28.3495,Medium,5,4,4,3,3,3,Double,Medium,4,4,3,4,4,3,3,4,91,89,96,102,95,94,100,101,https://www.akc.org/dog-breeds/english-setter/,https://www.akc.org/wp-content/uploads/2017/11/English-Setter-Illo-2.jpg
Gordon Setters ,45-80,62.5,28.3495,Large,5,3,3,3,2,4,Double,Medium,3,3,4,4,5,5,3,4,105,100,105,104,104,115,115,107,https://www.akc.org/dog-breeds/gordon-setter/,https://www.akc.org/wp-content/uploads/2017/11/Gordon-Setter-illustration.jpg
Irish Setters ,60-70,65,29.48348,Large,5,5,5,3,3,2,Silky,Medium,5,5,3,4,4,5,3,4,145,155,148,142,154,146,157,170,https://www.akc.org/dog-breeds/irish-red-and-white-setter/,https://www.akc.org/wp-content/uploads/2017/11/Irish-Red-and-White-Setter-Illo-2.jpg
Shetland Sheepdogs,15-25,20,9.07184,Small,5,5,5,3,3,1,Double,Long,2,5,5,5,5,4,5,4,21,21,23,24,24,25,25,27,https://www.akc.org/dog-breeds/shetland-sheepdog/,https://www.akc.org/wp-content/uploads/2017/11/Shetland-Sheepdog-Illo-2.jpg
Silky Terriers,10,10,4.53592,X-Small,5,3,3,2,3,1,Silky,Long,4,4,5,4,4,3,4,3,92,101,102,100,106,112,111,108,https://www.akc.org/dog-breeds/silky-terrier/,https://www.akc.org/wp-content/uploads/2017/11/Silky-Terrier-Illo.jpg
Skye Terriers,35-45,40,18.14368,Medium,5,3,3,3,3,1,Double,Long,3,3,3,3,3,3,3,3,161,177,175,178,172,178,189,183,https://www.akc.org/dog-breeds/skye-terrier/,https://www.akc.org/wp-content/uploads/2017/11/Skye-Terrier-Illo.jpg
Boykin Spaniels ,25-40,32.5,14.74174,Medium,3,5,5,3,3,1,Double,Medium,3,4,3,4,4,4,3,3,121,108,107,110,98,100,90,87,https://www.akc.org/dog-breeds/boykin-spaniel/,https://www.akc.org/wp-content/uploads/2017/11/Boykin-Spaniel-Illo-2.jpg
Clumber Spaniels ,"NA",NA,0,Medium,4,3,3,3,2,4,Wavy,Medium,4,3,3,4,4,3,1,3,131,143,134,144,140,143,136,135,https://www.akc.org/dog-breeds/clumber-spaniel/,https://www.akc.org/wp-content/uploads/2017/11/Clumber-Spaniel-Illo-2.jpg
Cocker Spaniels ,20-30,25,11.3398,Small,4,5,5,3,4,2,Double,Long,4,3,3,4,4,4,3,3,29,30,30,29,29,30,28,30,https://www.akc.org/dog-breeds/cocker-spaniel/,https://www.akc.org/wp-content/uploads/2017/11/Cocker-Spaniel-Illo-2.jpg
Field Spaniels ,35-50,42.5,19.27766,Medium,5,5,4,3,2,2,Smooth,Medium,4,3,3,4,5,3,3,3,140,137,145,147,145,149,155,160,https://www.akc.org/dog-breeds/field-spaniel/,https://www.akc.org/wp-content/uploads/2017/11/Field-Spaniel-Illo-2.jpg
Sussex Spaniels ,35-45,40,18.14368,Medium,5,3,3,3,3,3,Double,Medium,3,4,3,4,4,3,3,3,162,175,173,172,161,180,178,172,https://www.akc.org/dog-breeds/sussex-spaniel/,https://www.akc.org/wp-content/uploads/2017/11/Sussex-Spaniel-Illo-2.jpg
Standard Schnauzers,30-50,40,18.14368,Medium,5,5,3,1,3,3,Wiry,Medium,3,4,5,4,5,3,3,5,90,90,91,85,90,89,99,92,https://www.akc.org/dog-breeds/standard-schnauzer/,https://www.akc.org/wp-content/uploads/2017/11/Standard-Schnauzer-illustration.jpg
Swedish Vallhunds,20-35,27.5,12.47378,Small,5,5,3,4,2,2,Double,Short,3,4,3,4,4,4,3,4,147,158,155,163,149,169,161,147,https://www.akc.org/dog-breeds/swedish-vallhund/,https://www.akc.org/wp-content/uploads/2017/11/Swedish-Vallhund-Illo.jpg
Tibetan Mastiffs,70-150,110,49.89512,X-Large,4,3,3,4,3,3,Double,Medium,1,3,5,3,3,3,3,4,132,135,133,135,153,131,130,140,https://www.akc.org/dog-breeds/tibetan-mastiff/,https://www.akc.org/wp-content/uploads/2017/11/Tibetan-Mastiff-Illo.jpg
Tibetan Spaniels,9-15,12,5.443104,Small,5,5,3,3,2,2,Double,Medium,4,4,4,4,3,3,3,3,106,122,115,118,121,119,119,118,https://www.akc.org/dog-breeds/tibetan-spaniel/,https://www.akc.org/wp-content/uploads/2017/11/Tibetan-Spaniel-Illo.jpg
Tibetan Terriers,18-30,24,10.886208,Small,5,3,3,3,3,2,Double,Long,3,3,4,4,3,4,3,4,88,88,90,91,101,96,103,99,https://www.akc.org/dog-breeds/tibetan-terrier/,https://www.akc.org/wp-content/uploads/2017/11/Tibetan-Terrier-Illo-2.jpg
Welsh Terriers,20,20,9.07184,Small,5,5,3,2,3,2,Wiry,Medium,5,4,4,4,4,4,4,4,104,106,108,111,109,107,112,112,https://www.akc.org/dog-breeds/welsh-terrier/,https://www.akc.org/wp-content/uploads/2017/11/Welsh-Terrier-Illo.jpg
Wirehaired Vizslas,45-65,55,24.94756,Medium,5,5,3,3,1,2,Wiry,Short,5,5,3,4,5,5,3,5,NA,NA,NA,NA,NA,NA,NA,155,https://www.akc.org/dog-breeds/wirehaired-vizsla/,https://www.akc.org/wp-content/uploads/2017/11/Wirehaired-Vizsla-Illo-2.jpg
Yorkshire Terriers,7,7,3.175144,X-Small,5,5,3,1,5,1,Silky,Long,5,4,5,5,4,4,4,4,6,6,7,9,9,10,12,13,https://www.akc.org/dog-breeds/yorkshire-terrier/,https://www.akc.org/wp-content/uploads/2017/11/Yorkshire-Terrier-Illo-2.jpg
American English Coonhounds,45-65,55,24.94756,Medium,3,3,5,2,1,1,Smooth,Short,3,3,3,3,3,4,4,3,146,156,166,170,178,175,177,185,https://www.akc.org/dog-breeds/american-english-coonhound/,https://s3.amazonaws.com/cdn-origin-etr.akc.org/wp-content/uploads/2017/11/12133614/American-English-Coonhound-illustration.jpg
American Eskimo Dogs,10-20,15,6.8038799999999995,Small,5,5,3,3,3,1,Double,Medium,5,3,3,4,4,4,3,3,110,120,118,122,118,122,122,119,https://www.akc.org/dog-breeds/american-eskimo-dog/,https://s3.amazonaws.com/cdn-origin-etr.akc.org/wp-content/uploads/2017/11/12155349/American-Eskimo-Dog-illustration.jpg
American Hairless Terriers,12-16,14,6.350288,Small,5,5,3,1,1,1,Hairless,Short,3,3,3,5,5,3,3,3,NA,NA,NA,NA,NA,NA,NA,129,https://www.akc.org/dog-breeds/american-hairless-terrier/,https://www.akc.org/wp-content/uploads/2017/11/American-Hairless-Terrier-illustration.jpg
American Staffordshire Terriers,40-70,55,24.94756,Medium,5,3,3,2,1,1,Smooth,Short,4,3,5,3,3,3,3,3,76,84,77,81,83,85,86,82,https://www.akc.org/dog-breeds/american-staffordshire-terrier/,https://www.akc.org/wp-content/uploads/2017/11/American-Staffordshire-Terrier-illustration.jpg
Anatolian Shepherd Dogs,80-150,115,52.16308,X-Large,1,3,3,3,2,1,Smooth,Short,1,3,5,3,2,3,3,3,93,94,92,84,86,90,96,85,https://www.akc.org/dog-breeds/anatolian-shepherd-dog/,https://www.akc.org/wp-content/uploads/2017/11/Anatolian-Shepherd-Dog-Illo-2.jpg
Australian Cattle Dogs,"NA",NA,0,Medium,3,3,3,3,1,1,Smooth,Short,3,3,4,3,4,5,1,4,58,55,56,54,56,55,55,54,https://www.akc.org/dog-breeds/australian-cattle-dog/,https://www.akc.org/wp-content/uploads/2017/11/Australian-Cattle-Dog-Illo-2.jpg
Bergamasco Sheepdogs,57-84,70.5,31.978236,Medium,3,3,3,1,1,2,Corded,Long,3,3,4,3,3,3,1,3,NA,NA,NA,NA,NA,NA,NA,173,https://www.akc.org/dog-breeds/bergamasco-sheepdog/,https://www.akc.org/wp-content/uploads/2017/11/Bergamasco-Illo.jpg
Bernese Mountain Dogs,70-115,92.5,41.95726,X-Large,5,5,5,5,3,3,Double,Medium,4,4,3,4,4,4,3,3,32,32,29,27,25,22,23,22,https://www.akc.org/dog-breeds/bernese-mountain-dog/,https://www.akc.org/wp-content/uploads/2017/11/Bernese-Mountain-Dog-Illo-2.jpg
Bichons Frises,12-18,15,6.8038799999999995,Small,5,5,5,1,5,1,Double,Long,5,4,2,4,4,4,3,3,40,44,44,45,46,46,43,45,https://www.akc.org/dog-breeds/bichon-frise/,https://www.akc.org/wp-content/uploads/2017/11/Bichon-Frise-Illo-2.jpg
Black Russian Terriers,80-130,105,47.627159999999996,Large,3,3,3,3,4,3,Double,Medium,2,3,5,4,4,4,3,4,118,127,116,119,116,118,116,126,https://www.akc.org/dog-breeds/black-russian-terrier/,https://www.akc.org/wp-content/uploads/2017/11/Black-Russian-Terrier-Illo-3.jpg
Bouviers des Flandres,70-110,90,40.82328,Large,3,3,3,3,4,2,Rough,Medium,3,3,4,3,4,4,3,3,82,81,83,83,85,84,93,94,https://www.akc.org/dog-breeds/bouvier-des-flandres/,https://www.akc.org/wp-content/uploads/2017/11/Bouvier-des-Flandres-Illo-2.jpg
Cardigan Welsh Corgis,25-38,31.5,14.288148,Small,4,4,3,3,2,1,Double,Medium,4,4,3,3,4,4,5,4,75,78,76,69,68,68,67,66,https://www.akc.org/dog-breeds/cardigan-welsh-corgi/,https://www.akc.org/wp-content/uploads/2019/03/Cardigan-Welsh-Corgi-Illo-2.jpg
Dandie Dinmont Terriers,18-24,21,9.525432,Small,4,3,3,2,3,1,Double,Medium,4,3,4,3,4,3,3,3,168,167,172,167,182,176,176,181,https://www.akc.org/dog-breeds/dandie-dinmont-terrier/,https://www.akc.org/wp-content/uploads/2017/11/Dandie-Dinmont-Terrier-Illo-2.jpg
Dogues de Bordeaux,99-110,104.5,47.400363999999996,X-Large,5,3,3,4,1,5,Smooth,Short,3,3,5,4,4,3,3,4,65,63,63,63,67,67,69,71,https://www.akc.org/dog-breeds/dogue-de-bordeaux/,https://www.akc.org/wp-content/uploads/2017/11/Dogue-de-Bordeaux-Illo-2.jpg
English Toy Spaniels,8-14,11,4.9895119999999995,Small,5,5,5,3,3,2,Double,Medium,3,4,3,4,3,3,2,3,135,138,129,130,134,135,141,138,https://www.akc.org/dog-breeds/english-toy-spaniel/,https://www.akc.org/wp-content/uploads/2017/11/English-Toy-Spaniel-Illo-2.jpg
Entlebucher Mountain Dogs,40-65,52.5,23.813579999999998,Medium,5,3,5,3,1,2,Smooth,Short,3,3,5,4,3,5,3,4,155,153,159,161,152,157,169,152,https://www.akc.org/dog-breeds/entlebucher-mountain-dog/,https://www.akc.org/wp-content/uploads/2017/11/Entlebucher-Mountain-Dog-illustration.jpg
Smooth Fox Terriers ,15-18,16.5,7.484268,Small,5,3,3,3,2,1,Smooth,Short,3,4,5,4,3,4,5,3,116,124,122,124,122,123,124,124,https://www.akc.org/dog-breeds/smooth-fox-terrier/,https://www.akc.org/wp-content/uploads/2017/11/Smooth-Fox-Terrier-Illo.jpg
Wire Fox Terriers ,15-18,16.5,7.484268,Small,5,5,3,2,3,2,Wiry,Medium,5,4,4,4,4,4,4,4,96,95,94,101,99,101,101,104,https://www.akc.org/dog-breeds/wire-fox-terrier/,https://www.akc.org/wp-content/uploads/2017/11/Wire-Fox-Terrier-illustration.jpg
German Shepherd Dogs,50-90,70,31.75144,Large,5,5,3,4,2,2,Double,Medium,3,4,5,5,5,5,3,5,2,2,2,2,2,2,2,3,https://www.akc.org/dog-breeds/german-shepherd-dog/,https://www.akc.org/wp-content/uploads/2017/11/German-Shepherd-Dog-Illo-2.jpg
Kerry Blue Terriers,33-40,36.5,16.556108,Medium,5,4,2,1,3,2,Wavy,Medium,3,3,5,3,3,4,4,4,126,128,124,127,129,129,135,133,https://www.akc.org/dog-breeds/kerry-blue-terrier/,https://www.akc.org/wp-content/uploads/2017/11/Kerry-Blue-Terrier-Illo-2.jpg
Lagotti Romagnoli,24-35,29.5,13.380964,Medium,5,3,5,1,2,2,Double,Medium,4,4,3,4,4,4,2,4,NA,NA,NA,NA,NA,NA,NA,88,https://www.akc.org/dog-breeds/lagotto-romagnolo/,https://www.akc.org/wp-content/uploads/2017/11/Lagotto-Romagnolo-illustration.jpg
Miniature American Shepherds,20-40,30,13.607759999999999,Medium,5,5,5,3,3,2,Double,Medium,3,4,3,4,5,5,3,5,NA,NA,NA,NA,NA,NA,NA,31,https://www.akc.org/dog-breeds/miniature-american-shepherd/,https://www.akc.org/wp-content/uploads/2017/11/Miniature-American-Shepherd-illustration.jpg
Miniature Bull Terriers,18-28,23,10.432616,Small,5,3,3,2,1,2,Smooth,Short,3,4,4,4,3,4,5,4,125,129,121,120,115,110,114,105,https://www.akc.org/dog-breeds/miniature-bull-terrier/,https://www.akc.org/wp-content/uploads/2017/11/Miniature-Bull-Terrier-Illo-2.jpg
Old English Sheepdogs,60-100,80,36.28736,Large,5,5,3,3,4,3,Double,Long,3,4,4,4,4,3,3,4,78,77,74,75,70,72,71,68,https://www.akc.org/dog-breeds/old-english-sheepdog/,https://www.akc.org/wp-content/uploads/2017/11/Old-English-Sheepdog-Illo-2.jpg
Parson Russell Terriers,13-17,15,6.8038799999999995,Small,5,3,5,2,2,1,Smooth,Short,3,4,3,4,4,5,3,4,100,116,111,109,119,117,120,115,https://www.akc.org/dog-breeds/parson-russell-terrier/,https://www.akc.org/wp-content/uploads/2017/11/Parson-Russell-Terrier-illustration.jpg
Pembroke Welsh Corgis,28-30,29,13.154168,Small,5,3,4,4,2,1,Double,Short,4,4,5,4,4,4,4,4,24,22,20,18,15,13,10,11,https://www.akc.org/dog-breeds/pembroke-welsh-corgi/,https://www.akc.org/wp-content/uploads/2017/11/Pembroke-Welsh-Corgi-Illo-2.jpg
German Shorthaired Pointers ,45-70,57.5,26.08154,Medium,5,5,4,3,2,2,Smooth,Short,4,4,4,4,5,5,3,5,13,12,11,11,10,9,9,9,https://www.akc.org/dog-breeds/german-shorthaired-pointer/,https://www.akc.org/wp-content/uploads/2017/11/German-Shorthaired-Pointer-Illo-2.jpg
German Wirehaired Pointers ,50-70,60,27.215519999999998,Medium,5,3,3,2,2,2,Wiry,Medium,4,4,3,4,5,5,3,4,71,71,68,64,62,63,64,60,https://www.akc.org/dog-breeds/german-wirehaired-pointer/,https://www.akc.org/wp-content/uploads/2017/11/German-Wirehaired-Pointer-Illo-2.jpg
Polish Lowland Sheepdogs,30-50,40,18.14368,Medium,5,3,3,2,4,2,Double,Long,3,4,5,5,4,3,4,4,157,170,164,169,176,170,175,175,https://www.akc.org/dog-breeds/polish-lowland-sheepdog/,https://www.akc.org/wp-content/uploads/2017/11/Polish-Lowland-Sheepdog-Illo-2.jpg
Portuguese Water Dogs,35-60,47.5,21.54562,Medium,5,5,4,2,4,2,Curly,Long,4,5,4,5,5,5,3,5,49,52,52,51,54,50,49,49,https://www.akc.org/dog-breeds/portuguese-water-dog/,https://www.akc.org/wp-content/uploads/2017/11/Portuguese-Water-Dog-Illo-2.jpg
Chesapeake Bay Retrievers ,55-80,67.5,30.61746,Large,4,3,3,3,3,2,Wiry,Medium,3,3,4,4,5,4,3,4,43,41,42,43,43,45,46,50,https://www.akc.org/dog-breeds/chesapeake-bay-retriever/,https://www.akc.org/wp-content/uploads/2017/11/Chesapeake-Bay-Retriever-Illo-2.jpg
American Water Spaniels ,25-45,35,15.87572,Medium,3,3,3,1,3,1,Double,Medium,3,3,3,3,5,3,3,3,144,160,157,156,167,166,166,158,https://www.akc.org/dog-breeds/american-water-spaniel/,https://www.akc.org/wp-content/uploads/2017/11/American-Water-Spaniel-Illo-2.jpg
English Cocker Spaniels ,26-34,30,13.607759999999999,Medium,5,5,5,3,3,2,Double,Medium,4,3,3,4,4,3,3,4,62,62,60,56,52,52,50,47,https://www.akc.org/dog-breeds/english-cocker-spaniel/,https://www.akc.org/wp-content/uploads/2017/11/English-Cocker-Spaniel-illustration.jpg
English Springer Spaniels ,40-50,45,20.41164,Medium,5,3,4,3,2,3,Double,Medium,4,4,3,4,5,4,3,4,28,28,27,26,27,27,27,26,https://www.akc.org/dog-breeds/english-springer-spaniel/,https://www.akc.org/wp-content/uploads/2017/11/English-Springer-Spaniel-Illo-2.jpg
Irish Water Spaniels ,45-68,56.5,25.627948,Large,5,3,3,1,3,2,Curly,Medium,3,5,3,4,5,3,1,4,141,152,144,150,164,159,172,174,https://www.akc.org/dog-breeds/irish-water-spaniel/,https://www.akc.org/wp-content/uploads/2017/11/Irish-Water-Spaniel-illustration.jpg
Welsh Springer Spaniels ,35-55,45,20.41164,Medium,5,5,4,3,2,2,Double,Medium,1,3,3,4,5,4,3,4,124,133,128,123,133,128,132,128,https://www.akc.org/dog-breeds/welsh-springer-spaniel/,https://www.akc.org/wp-content/uploads/2017/11/Welsh-Springer-Spaniel-Illo-2.jpg
Spanish Water Dogs,31-49,40,18.14368,Medium,5,4,3,1,4,2,Corded,Medium,3,4,3,3,4,4,3,5,NA,NA,NA,NA,NA,NA,NA,149,https://www.akc.org/dog-breeds/spanish-water-dog/,https://www.akc.org/wp-content/uploads/2017/11/Spanish-Water-Dog-Illo-2.jpg
Staffordshire Bull Terriers,24-38,31,14.061352,Medium,5,5,3,2,2,3,Smooth,Short,4,4,5,5,5,4,3,4,79,79,79,82,82,80,83,81,https://www.akc.org/dog-breeds/staffordshire-bull-terrier/,https://www.akc.org/wp-content/uploads/2017/11/Staffordshire-Bull-Terrier-Illo-2.jpg
Toy Fox Terriers,"NA",NA,0,X-Small,5,3,3,3,2,1,Smooth,Short,5,4,5,4,5,4,4,4,107,115,110,116,112,111,109,113,https://www.akc.org/dog-breeds/toy-fox-terrier/,https://www.akc.org/wp-content/uploads/2017/11/Toy-Fox-Terrier-Illo.jpg
Treeing Walker Coonhounds,50-70,60,27.215519999999998,Large,5,5,5,3,1,3,Smooth,Short,3,4,3,4,5,5,4,5,101,112,117,137,131,137,131,153,https://www.akc.org/dog-breeds/treeing-walker-coonhound/,https://www.akc.org/wp-content/uploads/2017/11/Treeing-Walker-Coonhound-Illo.jpg
Wirehaired Pointing Griffons,35-70,52.5,23.813579999999998,Medium,5,5,3,3,2,3,Wiry,Medium,5,4,3,4,5,5,3,5,80,76,66,66,65,65,63,63,https://www.akc.org/dog-breeds/wirehaired-pointing-griffon/,https://www.akc.org/wp-content/uploads/2017/11/Wirehaired-Pointing-Griffon-Illo-2.jpg
Black and Tan Coonhounds,65-110,87.5,39.6893,Large,4,5,5,3,2,3,Smooth,Short,3,3,2,4,3,3,4,3,113,126,127,128,130,138,143,127,https://www.akc.org/dog-breeds/black-and-tan-coonhound/,https://www.akc.org/wp-content/uploads/2017/11/Black-And-Tan-Coonhound-Illo.jpg
Cavalier King Charles Spaniels,13-18,15.5,7.030676,Small,5,5,5,2,2,2,Wavy,Medium,4,3,3,3,4,3,3,3,18,19,18,19,19,18,16,17,https://www.akc.org/dog-breeds/cavalier-king-charles-spaniel/,https://www.akc.org/wp-content/uploads/2017/11/Cavalier-King-Charles-Spaniel-illo-2.jpg
Cirnechi dell’Etna,17-26,21.5,9.752228,Medium,4,3,4,1,1,1,Smooth,Short,3,4,3,4,4,3,2,3,NA,NA,NA,NA,NA,NA,NA,179,https://www.akc.org/dog-breeds/cirneco-delletna/,https://www.akc.org/wp-content/uploads/2017/11/Cirneco-Dell-Etna-Illo.jpg
Glen of Imaal Terriers,32-40,36,16.329312,Small,5,3,3,2,3,2,Wiry,Medium,3,3,3,4,3,3,2,3,167,162,168,180,158,174,170,169,https://www.akc.org/dog-breeds/glen-of-imaal-terrier/,https://www.akc.org/wp-content/uploads/2017/11/Glen-of-Imaal-Terrier-Illo-2.jpg
Grand Basset Griffon Vendeens,40-45,42.5,19.27766,Medium,5,3,4,3,2,2,Wiry,Medium,5,4,3,4,3,5,4,4,NA,NA,NA,NA,NA,NA,NA,188,https://www.akc.org/dog-breeds/grand-basset-griffon-vendeen/,https://www.akc.org/wp-content/uploads/2017/11/GBGV-illustration.jpg
Greater Swiss Mountain Dogs,85-140,112.5,51.0291,X-Large,5,5,3,3,2,3,Smooth,Short,5,4,4,3,4,4,3,4,16,15,15,14,14,16,17,15,https://www.akc.org/dog-breeds/great-dane/,https://www.akc.org/wp-content/uploads/2017/11/Great-Dane-Illo-2.jpg
Portuguese Podengo Pequenos,9-13,11,4.9895119999999995,Small,5,5,5,3,2,1,Wiry,Medium,3,4,3,4,3,4,3,4,153,166,153,160,159,154,149,157,https://www.akc.org/dog-breeds/portuguese-podengo/,https://www.akc.org/wp-content/uploads/2017/11/Pumi-Illo-2.jpg
Siberian Huskies,35-60,47.5,21.54562,Medium,5,5,5,4,2,1,Double,Medium,5,5,1,4,3,5,5,4,14,13,12,12,12,14,15,16,https://www.akc.org/dog-breeds/siberian-husky/,https://www.akc.org/wp-content/uploads/2017/11/Siberian-Husky-Illo.jpg
Soft Coated Wheaten Terriers,30-40,35,15.87572,Medium,5,5,3,1,4,2,Wavy,Medium,3,3,3,3,3,4,3,3,51,49,47,50,49,53,54,58,https://www.akc.org/dog-breeds/soft-coated-wheaten-terrier/,https://www.akc.org/wp-content/uploads/2017/11/Soft-Coated-Wheaten-Terrier-Illo.jpg
West Highland White Terriers,15-20,17.5,7.93786,Small,5,5,3,3,3,1,Double,Medium,4,5,5,4,3,4,5,4,36,38,41,41,42,42,44,44,https://www.akc.org/dog-breeds/west-highland-white-terrier/,https://www.akc.org/wp-content/uploads/2017/11/West-Highland-White-Terrier-Illo-2.jpg
